client_id,first_name,last_name,email,phone,created_at
C0001,Danielle,Smith,gabrieltucker@hancock.com,(270)289-5171x8702,2020-12-03
C0002,Angel,Le,gallowayjoseph@yahoo.com,(217)459-6158x65780,2021-05-26
C0003,Joshua,Maldonado,uhorton@hotmail.com,+1-134-316-1172x400,2024-05-08
C0004,Jeffrey,Herrera,jamesrobinson@gmail.com,045-562-3869x22219,2023-01-02
C0005,Jill,Adams,brian97@calhoun.net,(937)923-7474x0748,2021-10-02
C0006,Erica,Davidson,caseyjones@powell.com,(175)946-4743,2023-11-04
C0007,Patricia,Rodriguez,barnesbrandy@stewart.com,(713)695-9440x6409,2024-09-01
C0008,Christopher,Graham,randy47@hickman-walls.com,+1-097-439-5339x42104,2023-01-15
C0009,Robert,Chavez,jonesjason@yahoo.com,095.214.5623x285,2021-05-23
C0010,Anthony,Mckay,nicole35@moore-bass.com,842.474.5171x23685,2022-11-26
C0011,Jeffery,Liu,sarah12@wilson-rodriguez.net,604-817-5496,2023-07-09
C0012,William,Baker,juan35@watts.net,+1-513-709-8593x1746,2022-04-10
C0013,Anthony,Mason,rebecca01@hotmail.com,200-471-1382,2022-04-04
C0014,James,White,bradley52@hotmail.com,(758)692-6179x6405,2021-07-12
C0015,Debra,Gaines,joycearnold@yahoo.com,773.515.8506,2024-06-17
C0016,Amy,Harrell,jonesnicole@gardner.org,317-139-0053x293,2021-09-11
C0017,Jeffrey,Evans,tanderson@nolan-flynn.com,839-335-2904,2024-04-06
C0018,Bridget,Fowler,evelynestrada@yahoo.com,(284)210-2053,2023-07-28
C0019,Lisa,Lynch,sarayoung@gmail.com,001-502-402-6811,2023-12-06
C0020,Adam,Hernandez,vjohnson@patton-jenkins.com,758.917.8390x8470,2025-01-24
C0021,Linda,Farmer,kristinrodriguez@gmail.com,7661771159,2024-05-25
C0022,Helen,Ryan,jamessellers@yahoo.com,(124)998-5698,2024-12-19
C0023,Matthew,Osborne,jeffreykeller@yahoo.com,789-611-8367x3657,2022-04-02
C0024,Eric,Moreno,michelle45@hotmail.com,(615)654-5271x1116,2022-07-01
C0025,Susan,Smith,sheila14@gmail.com,528-098-8516,2021-02-02
C0026,Matthew,Nguyen,rodriguezryan@hotmail.com,(604)945-1983x273,2024-11-11
C0027,Christopher,Smith,gobrien@gmail.com,585-149-3689,2024-03-11
C0028,Colin,Hickman,jonathanfletcher@gmail.com,+1-809-402-4455x022,2024-11-19
C0029,Melanie,Koch,ryan59@alvarado-martinez.com,001-612-018-3667,2023-06-22
C0030,Cassandra,Decker,snguyen@yahoo.com,254-599-1022x90147,2021-01-21
C0031,Lindsay,Parker,robertbentley@adkins.biz,+1-679-764-3815x61497,2025-03-11
C0032,Jessica,Brown,justin69@pena.com,403.690.0343x24451,2021-05-07
C0033,Amanda,Humphrey,donnacampbell@hotmail.com,7622683885,2020-12-01
C0034,Teresa,Arroyo,cardenaskaren@hotmail.com,606-071-5969,2025-01-19
C0035,Nicholas,Miller,lindsayhernandez@gmail.com,(641)605-2975x1613,2024-09-10
C0036,Andrea,Tucker,xcarr@gibson.org,(968)164-5352x18188,2022-02-11
C0037,Maria,Jones,psnyder@douglas.com,552.312.4329,2025-04-07
C0038,Christine,Hodges,gregoryrubio@hotmail.com,(127)799-7995,2024-12-16
C0039,Michelle,Cannon,grantsamantha@gmail.com,+1-527-177-4490x5814,2021-09-01
C0040,Barbara,Anderson,lauriecontreras@hotmail.com,700.541.1998x679,2021-10-17
C0041,Janet,Alvarez,usalazar@hotmail.com,+1-079-359-7820,2023-03-09
C0042,Brandon,Pierce,vmerritt@yahoo.com,151.820.3778x892,2024-10-26
C0043,Jeremy,Baker,karen48@yahoo.com,(546)659-0515x186,2024-02-25
C0044,Keith,Brennan,scott43@rogers-orozco.com,492-519-2546x2914,2021-05-20
C0045,Christopher,Henderson,jessebenson@lewis.info,+1-652-816-8505,2022-02-21
C0046,Jesse,Lewis,clarkrobert@hotmail.com,235-733-2214x1888,2025-05-09
C0047,Craig,Ryan,wwoods@molina-castaneda.biz,5929622292,2024-07-20
C0048,Joshua,Blair,brobinson@johnson-rogers.biz,001-706-537-9473x8347,2021-03-02
C0049,Cynthia,Harris,ncalhoun@johnson.com,597.746.8862,2024-09-25
C0050,Michael,Collins,dtaylor@williams.com,924.075.8181,2024-03-08
C0051,Mitchell,Carney,wmurphy@ramirez-bean.biz,124-782-6137x5060,2020-11-12
C0052,Jason,Santos,ruizkaitlyn@gmail.com,(853)615-3051x5220,2024-04-01
C0053,Joseph,Kim,debraharrington@hotmail.com,727-790-1043x2898,2021-07-07
C0054,Sharon,Holmes,herringjames@howell.com,(143)410-3697x11798,2024-10-04
C0055,Deborah,Martinez,elliottjeffery@hotmail.com,8932460953,2023-12-05
C0056,Chelsea,Walker,gary91@gmail.com,001-621-851-8888,2024-04-12
C0057,George,Morgan,lanesarah@hotmail.com,+1-067-065-4051,2025-03-11
C0058,Jessica,Chapman,mdavid@gmail.com,(319)520-5852x772,2020-11-19
C0059,Frank,Hall,terrykevin@burke.com,(170)430-3054,2025-02-23
C0060,Noah,Robinson,estanley@hotmail.com,687.403.4505x41566,2024-04-29
C0061,Veronica,Jones,atkinsonlynn@gmail.com,001-765-277-5841x6169,2023-01-06
C0062,Danielle,Welch,cynthia72@yahoo.com,(845)115-4479,2020-07-30
C0063,Angela,Perez,christina87@graham-simon.com,001-627-570-5964x016,2023-10-06
C0064,Gabrielle,Whitehead,mariahmiller@yahoo.com,(820)297-0213x556,2022-07-23
C0065,Megan,Heath,qhudson@rogers-snyder.com,001-092-755-7192,2020-06-02
C0066,Kimberly,Jones,zlewis@peterson-beard.com,565.431.0278x68144,2022-03-31
C0067,Jeremy,Young,christophercortez@peters-allen.info,001-739-473-1217x271,2025-04-24
C0068,Antonio,Caldwell,fmcguire@yahoo.com,+1-551-884-4225x83132,2021-01-05
C0069,Leslie,Lewis,tholt@perkins.biz,705.895.7829,2020-10-11
C0070,Joseph,Anderson,jacqueline44@yahoo.com,146-786-6912,2023-12-31
C0071,Jason,Walls,griffithleslie@herrera.com,177-852-8922x68018,2023-04-29
C0072,Sherri,Duncan,jenny89@yahoo.com,(422)535-8414,2020-12-08
C0073,Nancy,Kennedy,kennethward@smith-ferguson.com,842.498.1829,2024-12-30
C0074,Leonard,Mueller,tranheidi@little.com,001-229-959-0010,2020-11-27
C0075,Diana,Aguirre,taylor75@sheppard.info,+1-943-969-0784x4736,2020-12-24
C0076,Randall,Lee,moralescharles@parks.com,710-276-7735x9255,2024-05-29
C0077,Robin,Davis,davidduran@carlson.biz,001-562-588-1537x1473,2020-08-30
C0078,Stephen,Jordan,levans@yahoo.com,(104)696-3259,2022-11-01
C0079,Joseph,Henderson,lynchjody@gmail.com,001-532-787-7470x1687,2023-11-15
C0080,John,Owens,donna23@arnold.com,395.004.7974,2021-12-04
C0081,Anna,Daniel,enorris@yahoo.com,+1-016-245-6506,2021-07-18
C0082,Jose,Nunez,keithcampbell@jones-hall.com,9835841687,2023-12-21
C0083,Brenda,Joyce,owilson@hernandez.com,001-849-912-1655x85239,2023-07-31
C0084,Rachael,Garcia,brooke94@martinez-barker.biz,680.002.5787x29825,2023-08-25
C0085,Reginald,Powell,mkim@gmail.com,+1-526-949-5888x794,2024-03-17
C0086,Jeffrey,Morgan,cassandra01@gmail.com,055.169.4097x4993,2023-08-09
C0087,Whitney,Hensley,barbara27@pearson.org,001-097-289-6230x9130,2023-08-04
C0088,William,Wright,ecosta@yahoo.com,562.636.8970x283,2021-01-28
C0089,Christopher,Lee,manuel12@yahoo.com,+1-578-652-7858,2024-12-24
C0090,Brandon,West,zroberts@hotmail.com,(497)334-8434x437,2021-07-11
C0091,Daniel,Henderson,qmiller@wilson-barton.net,758-441-9866x52404,2023-05-09
C0092,Courtney,Ramirez,mgutierrez@cox.com,001-157-473-3848x421,2021-05-27
C0093,Laura,Wright,andrea47@washington.com,+1-933-083-3016x571,2021-11-29
C0094,Robert,Leblanc,andrea86@walker.info,+1-208-267-7345x40193,2024-12-18
C0095,Bryan,Ramos,tyronemoran@thornton.info,+1-026-206-7240,2023-09-27
C0096,Patrick,Callahan,yarnold@weeks.com,4991547887,2024-11-22
C0097,Wendy,Pierce,kendra65@adams.org,(874)315-2742,2021-06-23
C0098,Allison,Williams,seanwashington@yahoo.com,5493296685,2022-04-15
C0099,Tasha,Kidd,mcantu@hotmail.com,612-275-3046,2020-06-03
C0100,Michelle,Huff,xhall@williams-garner.biz,745.499.0453,2020-08-02
